"Carimbo de data/hora","Pontuação total","Controlo de Liberdade do Utilizador","Controlo de Liberdade do Utilizador [Pontuação]","Controlo de Liberdade do Utilizador [Comentário]","Consistência e aderência às normas","Consistência e aderência às normas [Pontuação]","Consistência e aderência às normas [Comentário]","Flexibilidade e eficiência na utilização","Flexibilidade e eficiência na utilização [Pontuação]","Flexibilidade e eficiência na utilização [Comentário]","Desenho estético e minimalista","Desenho estético e minimalista [Pontuação]","Desenho estético e minimalista [Comentário]","Ajuda a reconhecer, diagnosticar e recuperar de erros","Ajuda a reconhecer, diagnosticar e recuperar de erros [Pontuação]","Ajuda a reconhecer, diagnosticar e recuperar de erros [Comentário]"
"2019/12/14 2:03:19 da tarde GMT","0.00 / 0","0","-- / 0","","0","-- / 0","","0","-- / 0","","0","-- / 0","","0","-- / 0",""
"2019/12/14 2:03:54 da tarde GMT","0.00 / 0","0","-- / 0","","0","-- / 0","","1","-- / 0","","1","-- / 0","","0","-- / 0",""
"2019/12/14 2:12:56 da tarde GMT","0.00 / 0","0","-- / 0","","0","-- / 0","","1","-- / 0","","0","-- / 0","","0","-- / 0",""
"2019/12/14 4:26:07 da tarde GMT","0.00 / 0","0","-- / 0","","0","-- / 0","","0","-- / 0","","0","-- / 0","","0","-- / 0",""
"2019/12/14 4:35:53 da tarde GMT","0.00 / 0","0","-- / 0","","0","-- / 0","","0","-- / 0","","0","-- / 0","","0","-- / 0",""
"2019/12/14 7:09:14 da tarde GMT","0.00 / 0","0","-- / 0","","1","-- / 0","","1","-- / 0","","0","-- / 0","","0","-- / 0",""